Number, Label1, Label2, UserName, UserLogin, UTM_X, UTM_X_Real, UTM_Y, UTM_Y_Real, Length_m, Length_Real_m, Stemming_m, Stemming_Real_m, Diameter_mm, Diameter_Real_mm, Subdrilling_m, Subdrilling_Real_m, Angle_deg, Angle_Real_deg, Azimuth_deg, Azimuth_Real_deg, Total_Charge_kg, Total_Charge_Real_kg, Charge_Bulk_kg, Charge_Bulk_Real_kg, Charge_Cartridge_kg, Charge_Cartridge_Real_kg, Booster_un, Booster_Real_un, Charge_Description, waterPresence, waterColumn_m, waterColumn_Real_m, eliminated, changed, dateUpdate, Burden_m, Spacing_m, Powder_Factor, Powder_Factor_Real, Redrill, Comment, final_length_m, truck_number, number_primes_qty, number_detonators_qty, temperature_deg, density
89, , , thiago.ferreira@enaex.com, thiago.ferreira@enaex.com, 748846.270, 748846.270, 8930541.320, 8930541.320, 10.480, 10.480, 3.500, 3.500, 102, 102, 0.000, 0.000, 0.000, 0.000, 0.000, 0.000, 59.887, 59.887, 59.887, 59.887, 0.000, 0.000, 1.000, 0.000, Emulsão 1.05 = 59.9, 0, 0.000, 0.000, 1, 1, 12/05/2026. 18:27:31, 0.000, 0.000, 0.000, 0.000, , , , , , , , 0.000
90, , , thiago.ferreira@enaex.com, thiago.ferreira@enaex.com, 748844.770, 748844.770, 8930543.320, 8930543.320, 10.480, 10.500, 3.500, 4.400, 102, 102, 0.000, 0.000, 0.000, 0.000, 0.000, 0.000, 59.887, 60.000, 59.887, 60.000, 0.000, 0.000, 1.000, 0.000, Emulsão 1.05 = 60.0, 0, 0.000, 0.000, 0, 1, 13/05/2026. 09:31:47, 0.000, 0.000, 0.000, 0.000, , , , , , , , 0.000
91, , , thiago.ferreira@enaex.com, thiago.ferreira@enaex.com, 748843.260, 748843.260, 8930545.310, 8930545.310, 10.480, 10.500, 3.500, 4.500, 102, 102, 0.000, 0.000, 0.000, 0.000, 0.000, 0.000, 59.887, 49.000, 59.887, 49.000, 0.000, 0.000, 1.000, 0.000, Emulsão 1.05 = 49.0, 0, 0.000, 0.000, 0, 1, 13/05/2026. 09:31:57, 0.000, 0.000, 0.000, 0.000, , , , , , , , 0.000
92, , , thiago.ferreira@enaex.com, thiago.ferreira@enaex.com, 748841.760, 748841.760, 8930547.310, 8930547.310, 10.480, 9.500, 3.500, 4.400, 102, 102, 0.000, 0.000, 0.000, 0.000, 0.000, 0.000, 59.887, 55.000, 59.887, 55.000, 0.000, 0.000, 1.000, 0.000, Emulsão 1.05 = 55.0, 0, 0.000, 0.000, 0, 1, 13/05/2026. 09:32:14, 0.000, 0.000, 0.000, 0.000, , , , , , , , 0.000
93, , , thiago.ferreira@enaex.com, thiago.ferreira@enaex.com, 748840.250, 748840.250, 8930549.310, 8930549.310, 10.480, 9.000, 3.500, 4.500, 102, 102, 0.000, 0.000, 0.000, 0.000, 0.000, 0.000, 59.887, 59.000, 59.887, 59.000, 0.000, 0.000, 1.000, 0.000, Emulsão 1.05 = 59.0, 0, 0.000, 0.000, 0, 1, 13/05/2026. 09:32:43, 0.000, 0.000, 0.000, 0.000, , , , , , , , 0.000
94, , , thiago.ferreira@enaex.com, thiago.ferreira@enaex.com, 748838.750, 748838.750, 8930551.300, 8930551.300, 10.480, 9.000, 3.500, 4.600, 102, 102, 0.000, 0.000, 0.000, 0.000, 0.000, 0.000, 59.887, 26.000, 59.887, 26.000, 0.000, 0.000, 1.000, 0.000, Emulsão 1.05 = 26.0, 0, 0.000, 0.000, 0, 1, 13/05/2026. 09:32:58, 0.000, 0.000, 0.000, 0.000, , , , , , , , 0.000
95, , , thiago.ferreira@enaex.com, thiago.ferreira@enaex.com, 748837.270, 748837.270, 8930553.320, 8930553.320, 10.480, 10.000, 3.500, 4.500, 102, 102, 0.000, 0.000, 0.000, 0.000, 0.000, 0.000, 59.887, 46.000, 59.887, 46.000, 0.000, 0.000, 1.000, 0.000, Emulsão 1.05 = 46.0, 0, 0.000, 0.000, 0, 1, 13/05/2026. 09:33:22, 0.000, 0.000, 0.000, 0.000, , , , , , , , 0.000
96, , , thiago.ferreira@enaex.com, thiago.ferreira@enaex.com, 748835.910, 748835.910, 8930555.420, 8930555.420, 11.100, 8.000, 3.500, 4.500, 102, 102, 0.000, 0.000, 0.000, 0.000, 0.000, 0.000, 65.207, 23.000, 65.207, 23.000, 0.000, 0.000, 1.000, 0.000, Emulsão 1.05 = 23.0, 0, 0.000, 0.000, 0, 1, 13/05/2026. 09:33:50, 0.000, 0.000, 0.000, 0.000, , , , , , , , 0.000
97, , , thiago.ferreira@enaex.com, thiago.ferreira@enaex.com, 748834.560, 748834.560, 8930557.520, 8930557.520, 11.210, 11.210, 3.500, 3.500, 102, 102, 0.000, 0.000, 0.000, 0.000, 0.000, 0.000, 66.151, 66.151, 66.151, 66.151, 0.000, 0.000, 1.000, 0.000, Emulsão 1.05 = 66.2, 0, 0.000, 0.000, 1, 1, 12/05/2026. 18:18:23, 0.000, 0.000, 0.000, 0.000, , , , , , , , 0.000
98, , , thiago.ferreira@enaex.com, thiago.ferreira@enaex.com, 748833.210, 748833.210, 8930559.620, 8930559.620, 11.270, 11.000, 3.500, 4.500, 102, 102, 0.000, 0.000, 0.000, 0.000, 0.000, 0.000, 66.665, 81.000, 66.665, 81.000, 0.000, 0.000, 1.000, 0.000, Emulsão 1.05 = 81.0, 0, 0.000, 0.000, 0, 1, 13/05/2026. 09:34:44, 0.000, 0.000, 0.000, 0.000, , , , , , , , 0.000
99, , , thiago.ferreira@enaex.com, thiago.ferreira@enaex.com, 748831.850, 748831.850, 8930561.720, 8930561.720, 11.280, 11.800, 3.500, 4.500, 102, 102, 0.000, 0.000, 0.000, 0.000, 0.000, 0.000, 66.751, 110.000, 66.751, 110.000, 0.000, 0.000, 1.000, 0.000, Emulsão 1.05 = 110.0, 0, 0.000, 0.000, 0, 1, 13/05/2026. 09:35:16, 0.000, 0.000, 0.000, 0.000, , , , , , , , 0.000
100, , , thiago.ferreira@enaex.com, thiago.ferreira@enaex.com, 748830.500, 748830.500, 8930563.830, 8930563.830, 11.170, 8.000, 3.500, 4.500, 102, 102, 0.000, 0.000, 0.000, 0.000, 0.000, 0.000, 65.807, 26.000, 65.807, 26.000, 0.000, 0.000, 1.000, 0.000, Emulsão 1.05 = 26.0, 0, 0.000, 0.000, 0, 1, 13/05/2026. 09:35:25, 0.000, 0.000, 0.000, 0.000, , , , , , , , 0.000
101, , , thiago.ferreira@enaex.com, thiago.ferreira@enaex.com, 748829.150, 748829.150, 8930565.930, 8930565.930, 11.020, 10.000, 3.500, 4.500, 102, 102, 0.000, 0.000, 0.000, 0.000, 0.000, 0.000, 64.520, 55.000, 64.520, 55.000, 0.000, 0.000, 1.000, 0.000, Emulsão 1.05 = 55.0, 0, 0.000, 0.000, 0, 1, 13/05/2026. 09:35:52, 0.000, 0.000, 0.000, 0.000, , , , , , , , 0.000
102, , , thiago.ferreira@enaex.com, thiago.ferreira@enaex.com, 748827.790, 748827.790, 8930568.030, 8930568.030, 10.990, 11.000, 3.500, 4.500, 102, 102, 0.000, 0.000, 0.000, 0.000, 0.000, 0.000, 64.263, 63.000, 64.263, 63.000, 0.000, 0.000, 1.000, 0.000, Emulsão 1.05 = 63.0, 0, 0.000, 0.000, 0, 1, 13/05/2026. 09:36:59, 0.000, 0.000, 0.000, 0.000, , , , , , , , 0.000
103, , , thiago.ferreira@enaex.com, thiago.ferreira@enaex.com, 748826.440, 748826.440, 8930570.130, 8930570.130, 10.970, 10.500, 3.500, 4.400, 102, 102, 0.000, 0.000, 0.000, 0.000, 0.000, 0.000, 64.092, 58.000, 64.092, 58.000, 0.000, 0.000, 1.000, 0.000, Emulsão 1.05 = 58.0, 0, 0.000, 0.000, 0, 1, 13/05/2026. 09:37:22, 0.000, 0.000, 0.000, 0.000, , , , , , , , 0.000
104, , , thiago.ferreira@enaex.com, thiago.ferreira@enaex.com, 748825.090, 748825.090, 8930572.230, 8930572.230, 11.000, 11.000, 3.500, 4.500, 102, 102, 0.000, 0.000, 0.000, 0.000, 0.000, 0.000, 64.349, 73.000, 64.349, 73.000, 0.000, 0.000, 1.000, 0.000, Emulsão 1.05 = 73.0, 0, 0.000, 0.000, 0, 1, 13/05/2026. 09:37:32, 0.000, 0.000, 0.000, 0.000, , , , , , , , 0.000
105, , , thiago.ferreira@enaex.com, thiago.ferreira@enaex.com, 748823.730, 748823.730, 8930574.340, 8930574.340, 10.960, 11.000, 3.500, 4.500, 102, 102, 0.000, 0.000, 0.000, 0.000, 0.000, 0.000, 64.006, 50.000, 64.006, 50.000, 0.000, 0.000, 1.000, 0.000, Emulsão 1.05 = 50.0, 0, 0.000, 0.000, 0, 1, 13/05/2026. 09:37:42, 0.000, 0.000, 0.000, 0.000, , , , , , , , 0.000
106, , , thiago.ferreira@enaex.com, thiago.ferreira@enaex.com, 748821.850, 748821.850, 8930575.980, 8930575.980, 10.970, 11.000, 3.500, 4.500, 102, 102, 0.000, 0.000, 0.000, 0.000, 0.000, 0.000, 64.092, 56.000, 64.092, 56.000, 0.000, 0.000, 1.000, 0.000, Emulsão 1.05 = 56.0, 0, 0.000, 0.000, 0, 1, 13/05/2026. 09:38:05, 0.000, 0.000, 0.000, 0.000, , , , , , , , 0.000
107, , , thiago.ferreira@enaex.com, thiago.ferreira@enaex.com, 748819.960, 748819.960, 8930577.610, 8930577.610, 10.950, 10.500, 3.500, 4.400, 102, 102, 0.000, 0.000, 0.000, 0.000, 0.000, 0.000, 63.920, 69.000, 63.920, 69.000, 0.000, 0.000, 1.000, 0.000, Emulsão 1.05 = 69.0, 0, 0.000, 0.000, 0, 1, 13/05/2026. 09:38:28, 0.000, 0.000, 0.000, 0.000, , , , , , , , 0.000
108, , , thiago.ferreira@enaex.com, thiago.ferreira@enaex.com, 748818.060, 748818.060, 8930579.250, 8930579.250, 11.260, 10.800, 3.500, 4.500, 102, 102, 0.000, 0.000, 0.000, 0.000, 0.000, 0.000, 66.580, 65.000, 66.580, 65.000, 0.000, 0.000, 1.000, 0.000, Emulsão 1.05 = 65.0, 0, 0.000, 0.000, 0, 1, 13/05/2026. 09:38:43, 0.000, 0.000, 0.000, 0.000, , , , , , , , 0.000
109, , , thiago.ferreira@enaex.com, thiago.ferreira@enaex.com, 748816.170, 748816.170, 8930580.880, 8930580.880, 11.160, 11.000, 3.500, 4.600, 102, 102, 0.000, 0.000, 0.000, 0.000, 0.000, 0.000, 65.722, 66.000, 65.722, 66.000, 0.000, 0.000, 1.000, 0.000, Emulsão 1.05 = 66.0, 0, 0.000, 0.000, 0, 1, 13/05/2026. 09:39:08, 0.000, 0.000, 0.000, 0.000, , , , , , , , 0.000
110, , , thiago.ferreira@enaex.com, thiago.ferreira@enaex.com, 748814.280, 748814.280, 8930582.520, 8930582.520, 11.200, 10.200, 3.500, 4.500, 102, 102, 0.000, 0.000, 0.000, 0.000, 0.000, 0.000, 66.065, 45.000, 66.065, 45.000, 0.000, 0.000, 1.000, 0.000, Emulsão 1.05 = 45.0, 0, 0.000, 0.000, 0, 1, 13/05/2026. 09:39:22, 0.000, 0.000, 0.000, 0.000, , , , , , , , 0.000
111, , , thiago.ferreira@enaex.com, thiago.ferreira@enaex.com, 748812.390, 748812.390, 8930584.150, 8930584.150, 11.240, 10.500, 3.500, 4.500, 102, 102, 0.000, 0.000, 0.000, 0.000, 0.000, 0.000, 66.408, 68.000, 66.408, 68.000, 0.000, 0.000, 1.000, 0.000, Emulsão 1.05 = 68.0, 0, 0.000, 0.000, 1, 1, 13/05/2026. 09:41:44, 0.000, 0.000, 0.000, 0.000, , , , , , , , 0.000
112, , , thiago.ferreira@enaex.com, thiago.ferreira@enaex.com, 748810.500, 748810.500, 8930585.790, 8930585.790, 11.180, 10.000, 3.500, 4.400, 102, 102, 0.000, 0.000, 0.000, 0.000, 0.000, 0.000, 65.893, 30.000, 65.893, 30.000, 0.000, 0.000, 1.000, 0.000, Emulsão 1.05 = 30.0, 0, 0.000, 0.000, 0, 1, 13/05/2026. 09:40:23, 0.000, 0.000, 0.000, 0.000, , , , , , , , 0.000
113, , , thiago.ferreira@enaex.com, thiago.ferreira@enaex.com, 748808.610, 748808.610, 8930587.420, 8930587.420, 11.050, 9.500, 3.500, 4.400, 102, 102, 0.000, 0.000, 0.000, 0.000, 0.000, 0.000, 64.778, 41.000, 64.778, 41.000, 0.000, 0.000, 1.000, 0.000, Emulsão 1.05 = 41.0, 0, 0.000, 0.000, 0, 1, 13/05/2026. 09:42:15, 0.000, 0.000, 0.000, 0.000, , , , , , , , 0.000
114, , , thiago.ferreira@enaex.com, thiago.ferreira@enaex.com, 748806.720, 748806.720, 8930589.060, 8930589.060, 11.000, 11.000, 3.500, 3.500, 102, 102, 0.000, 0.000, 0.000, 0.000, 0.000, 0.000, 64.349, 64.349, 64.349, 64.349, 0.000, 0.000, 1.000, 0.000, Emulsão 1.05 = 64.3, 0, 0.000, 0.000, 1, 1, 12/05/2026. 16:29:21, 0.000, 0.000, 0.000, 0.000, , , , , , , , 0.000
115, , , thiago.ferreira@enaex.com, thiago.ferreira@enaex.com, 748804.830, 748804.830, 8930590.690, 8930590.690, 10.890, 10.200, 3.500, 4.400, 102, 102, 0.000, 0.000, 0.000, 0.000, 0.000, 0.000, 63.405, 60.000, 63.405, 60.000, 0.000, 0.000, 1.000, 0.000, Emulsão 1.05 = 60.0, 0, 0.000, 0.000, 0, 1, 13/05/2026. 09:42:40, 0.000, 0.000, 0.000, 0.000, , , , , , , , 0.000
116, , , thiago.ferreira@enaex.com, thiago.ferreira@enaex.com, 748802.940, 748802.940, 8930592.330, 8930592.330, 11.380, 11.000, 3.500, 4.400, 102, 102, 0.000, 0.000, 0.000, 0.000, 0.000, 0.000, 67.609, 58.000, 67.609, 58.000, 0.000, 0.000, 1.000, 0.000, Emulsão 1.05 = 58.0, 0, 0.000, 0.000, 0, 1, 13/05/2026. 09:43:09, 0.000, 0.000, 0.000, 0.000, , , , , , , , 0.000
117, , , thiago.ferreira@enaex.com, thiago.ferreira@enaex.com, 748801.040, 748801.040, 8930593.960, 8930593.960, 11.320, 10.000, 3.500, 4.500, 102, 102, 0.000, 0.000, 0.000, 0.000, 0.000, 0.000, 67.094, 57.000, 67.094, 57.000, 0.000, 0.000, 1.000, 0.000, Emulsão 1.05 = 57.0, 0, 0.000, 0.000, 0, 1, 13/05/2026. 09:43:19, 0.000, 0.000, 0.000, 0.000, , , , , , , , 0.000
118, , , thiago.ferreira@enaex.com, thiago.ferreira@enaex.com, 748799.150, 748799.150, 8930595.600, 8930595.600, 11.350, 11.000, 3.500, 4.600, 102, 102, 0.000, 0.000, 0.000, 0.000, 0.000, 0.000, 67.352, 62.000, 67.352, 62.000, 0.000, 0.000, 1.000, 0.000, Emulsão 1.05 = 62.0, 0, 0.000, 0.000, 0, 1, 13/05/2026. 09:43:38, 0.000, 0.000, 0.000, 0.000, , , , , , , , 0.000
119, , , thiago.ferreira@enaex.com, thiago.ferreira@enaex.com, 748797.260, 748797.260, 8930597.240, 8930597.240, 10.940, 10.800, 3.500, 4.400, 102, 102, 0.000, 0.000, 0.000, 0.000, 0.000, 0.000, 63.834, 63.000, 63.834, 63.000, 0.000, 0.000, 1.000, 0.000, Emulsão 1.05 = 63.0, 0, 0.000, 0.000, 0, 1, 13/05/2026. 09:43:57, 0.000, 0.000, 0.000, 0.000, , , , , , , , 0.000
120, , , thiago.ferreira@enaex.com, thiago.ferreira@enaex.com, 748795.320, 748795.320, 8930598.810, 8930598.810, 10.930, 10.500, 3.500, 4.000, 102, 102, 0.000, 0.000, 0.000, 0.000, 0.000, 0.000, 63.748, 55.000, 63.748, 55.000, 0.000, 0.000, 1.000, 0.000, Emulsão 1.05 = 55.0, 0, 0.000, 0.000, 0, 1, 13/05/2026. 09:44:41, 0.000, 0.000, 0.000, 0.000, , , , , , , , 0.000
121, , , thiago.ferreira@enaex.com, thiago.ferreira@enaex.com, 748793.360, 748793.360, 8930600.360, 8930600.360, 10.490, 9.500, 3.500, 4.500, 102, 102, 0.000, 0.000, 0.000, 0.000, 0.000, 0.000, 59.973, 50.000, 59.973, 50.000, 0.000, 0.000, 1.000, 0.000, Emulsão 1.05 = 50.0, 0, 0.000, 0.000, 0, 1, 13/05/2026. 09:44:56, 0.000, 0.000, 0.000, 0.000, , , , , , , , 0.000
122, , , thiago.ferreira@enaex.com, thiago.ferreira@enaex.com, 748791.400, 748791.400, 8930601.910, 8930601.910, 10.340, 7.000, 3.500, 4.500, 102, 102, 0.000, 0.000, 0.000, 0.000, 0.000, 0.000, 58.686, 24.000, 58.686, 24.000, 0.000, 0.000, 1.000, 0.000, Emulsão 1.05 = 24.0, 0, 0.000, 0.000, 0, 1, 13/05/2026. 09:45:44, 0.000, 0.000, 0.000, 0.000, , , , , , , , 0.000
123, , , thiago.ferreira@enaex.com, thiago.ferreira@enaex.com, 748789.440, 748789.440, 8930603.470, 8930603.470, 10.480, 8.100, 3.500, 4.500, 102, 102, 0.000, 0.000, 0.000, 0.000, 0.000, 0.000, 59.887, 31.000, 59.887, 31.000, 0.000, 0.000, 1.000, 0.000, Emulsão 1.05 = 31.0, 0, 0.000, 0.000, 0, 1, 13/05/2026. 09:46:00, 0.000, 0.000, 0.000, 0.000, , , , , , , , 0.000
124, , , thiago.ferreira@enaex.com, thiago.ferreira@enaex.com, 748787.490, 748787.490, 8930605.020, 8930605.020, 10.610, 9.500, 3.500, 4.500, 102, 102, 0.000, 0.000, 0.000, 0.000, 0.000, 0.000, 61.003, 48.000, 61.003, 48.000, 0.000, 0.000, 1.000, 0.000, Emulsão 1.05 = 48.0, 0, 0.000, 0.000, 0, 1, 13/05/2026. 09:46:20, 0.000, 0.000, 0.000, 0.000, , , , , , , , 0.000
125, , , thiago.ferreira@enaex.com, thiago.ferreira@enaex.com, 748785.530, 748785.530, 8930606.580, 8930606.580, 10.710, 10.500, 3.500, 4.500, 102, 102, 0.000, 0.000, 0.000, 0.000, 0.000, 0.000, 61.861, 60.000, 61.861, 60.000, 0.000, 0.000, 1.000, 0.000, Emulsão 1.05 = 60.0, 0, 0.000, 0.000, 0, 1, 13/05/2026. 09:46:42, 0.000, 0.000, 0.000, 0.000, , , , , , , , 0.000
126, , , thiago.ferreira@enaex.com, thiago.ferreira@enaex.com, 748783.570, 748783.570, 8930608.130, 8930608.130, 10.670, 10.000, 3.500, 4.500, 102, 102, 0.000, 0.000, 0.000, 0.000, 0.000, 0.000, 61.518, 61.000, 61.518, 61.000, 0.000, 0.000, 1.000, 0.000, Emulsão 1.05 = 61.0, 0, 0.000, 0.000, 0, 1, 13/05/2026. 09:46:51, 0.000, 0.000, 0.000, 0.000, , , , , , , , 0.000
127, , , thiago.ferreira@enaex.com, thiago.ferreira@enaex.com, 748781.610, 748781.610, 8930609.690, 8930609.690, 10.730, 10.000, 3.500, 4.500, 102, 102, 0.000, 0.000, 0.000, 0.000, 0.000, 0.000, 62.032, 35.000, 62.032, 35.000, 0.000, 0.000, 1.000, 0.000, Emulsão 1.05 = 35.0, 0, 0.000, 0.000, 0, 1, 13/05/2026. 09:47:05, 0.000, 0.000, 0.000, 0.000, , , , , , , , 0.000
128, , , thiago.ferreira@enaex.com, thiago.ferreira@enaex.com, 748779.650, 748779.650, 8930611.240, 8930611.240, 11.000, 10.000, 3.500, 4.500, 102, 102, 0.000, 0.000, 0.000, 0.000, 0.000, 0.000, 64.349, 50.000, 64.349, 50.000, 0.000, 0.000, 1.000, 0.000, Emulsão 1.05 = 50.0, 0, 0.000, 0.000, 0, 1, 13/05/2026. 09:48:06, 0.000, 0.000, 0.000, 0.000, , , , , , , , 0.000
129, , , thiago.ferreira@enaex.com, thiago.ferreira@enaex.com, 748777.700, 748777.700, 8930612.800, 8930612.800, 10.560, 10.000, 3.500, 4.500, 102, 102, 0.000, 0.000, 0.000, 0.000, 0.000, 0.000, 60.574, 46.000, 60.574, 46.000, 0.000, 0.000, 1.000, 0.000, Emulsão 1.05 = 46.0, 0, 0.000, 0.000, 0, 1, 13/05/2026. 09:48:43, 0.000, 0.000, 0.000, 0.000, , , , , , , , 0.000
130, , , thiago.ferreira@enaex.com, thiago.ferreira@enaex.com, 748775.740, 748775.740, 8930614.350, 8930614.350, 10.320, 10.000, 3.500, 4.500, 102, 102, 0.000, 0.000, 0.000, 0.000, 0.000, 0.000, 58.515, 44.000, 58.515, 44.000, 0.000, 0.000, 1.000, 0.000, Emulsão 1.05 = 44.0, 0, 0.000, 0.000, 0, 1, 13/05/2026. 09:49:06, 0.000, 0.000, 0.000, 0.000, , , , , , , , 0.000
183, , , thiago.ferreira@enaex.com, thiago.ferreira@enaex.com, 748771.530, 748771.530, 8930605.740, 8930605.740, 10.640, 10.640, 2.300, 2.300, 140, 140, 0.600, 0.600, 0.000, 0.000, 0.000, 0.000, 147.642, 147.642, 147.642, 147.642, 0.000, 0.000, 1.000, 0.000, Emulsão 1.15 = 147.6, 0, 0.000, 0.000, 1, 1, 12/05/2026. 15:52:55, 0.000, 0.000, 0.000, 0.000, , , , , , , , 0.000
232, , , thiago.ferreira@enaex.com, thiago.ferreira@enaex.com, 748776.120, 748776.120, 8930602.140, 8930602.140, 10.750, 10.750, 2.300, 2.300, 140, 140, 0.600, 0.600, 0.000, 0.000, 0.000, 0.000, 149.589, 149.589, 149.589, 149.589, 0.000, 0.000, 1.000, 0.000, Emulsão 1.15 = 149.6, 0, 0.000, 0.000, 1, 1, 12/05/2026. 15:52:44, 0.000, 0.000, 0.000, 0.000, , , , , , , , 0.000
233, , , thiago.ferreira@enaex.com, thiago.ferreira@enaex.com, 748774.880, 748774.880, 8930605.270, 8930605.270, 10.760, 10.760, 2.300, 2.300, 140, 140, 0.600, 0.600, 0.000, 0.000, 0.000, 0.000, 149.766, 149.766, 149.766, 149.766, 0.000, 0.000, 1.000, 0.000, Emulsão 1.15 = 149.8, 0, 0.000, 0.000, 1, 1, 12/05/2026. 15:52:52, 0.000, 0.000, 0.000, 0.000, , , , , , , , 0.000
234, , , thiago.ferreira@enaex.com, thiago.ferreira@enaex.com, 748773.620, 748773.620, 8930608.370, 8930608.370, 10.710, 10.710, 2.300, 2.300, 140, 140, 0.600, 0.600, 0.000, 0.000, 0.000, 0.000, 148.881, 148.881, 148.881, 148.881, 0.000, 0.000, 1.000, 0.000, Emulsão 1.15 = 148.9, 0, 0.000, 0.000, 1, 1, 12/05/2026. 15:52:23, 0.000, 0.000, 0.000, 0.000, , , , , , , , 0.000
235, , , thiago.ferreira@enaex.com, thiago.ferreira@enaex.com, 748775.740, 748775.740, 8930611.030, 8930611.030, 10.830, 10.830, 2.300, 2.300, 140, 140, 0.600, 0.600, 0.000, 0.000, 0.000, 0.000, 151.006, 151.006, 151.006, 151.006, 0.000, 0.000, 1.000, 0.000, Emulsão 1.15 = 151.0, 0, 0.000, 0.000, 1, 1, 12/05/2026. 16:03:01, 0.000, 0.000, 0.000, 0.000, , , , , , , , 0.000
236, , , thiago.ferreira@enaex.com, thiago.ferreira@enaex.com, 748776.980, 748776.980, 8930607.920, 8930607.920, 11.120, 11.120, 2.300, 2.300, 140, 140, 0.600, 0.600, 0.000, 0.000, 0.000, 0.000, 156.139, 156.139, 156.139, 156.139, 0.000, 0.000, 1.000, 0.000, Emulsão 1.15 = 156.1, 0, 0.000, 0.000, 1, 1, 12/05/2026. 15:51:59, 0.000, 0.000, 0.000, 0.000, , , , , , , , 0.000
237, , , thiago.ferreira@enaex.com, thiago.ferreira@enaex.com, 748778.220, 748778.220, 8930604.780, 8930604.780, 10.900, 10.900, 2.300, 2.300, 140, 140, 0.600, 0.600, 0.000, 0.000, 0.000, 0.000, 152.245, 152.245, 152.245, 152.245, 0.000, 0.000, 1.000, 0.000, Emulsão 1.15 = 152.2, 0, 0.000, 0.000, 1, 1, 12/05/2026. 15:52:26, 0.000, 0.000, 0.000, 0.000, , , , , , , , 0.000
238, , , thiago.ferreira@enaex.com, thiago.ferreira@enaex.com, 748779.470, 748779.470, 8930601.650, 8930601.650, 10.870, 10.870, 2.300, 2.300, 140, 140, 0.600, 0.600, 0.000, 0.000, 0.000, 0.000, 151.714, 151.714, 151.714, 151.714, 0.000, 0.000, 1.000, 0.000, Emulsão 1.15 = 151.7, 0, 0.000, 0.000, 1, 1, 12/05/2026. 15:52:42, 0.000, 0.000, 0.000, 0.000, , , , , , , , 0.000
239, , , thiago.ferreira@enaex.com, thiago.ferreira@enaex.com, 748780.710, 748780.710, 8930598.520, 8930598.520, 11.100, 11.100, 2.300, 2.300, 140, 140, 0.600, 0.600, 0.000, 0.000, 0.000, 0.000, 155.785, 155.785, 155.785, 155.785, 0.000, 0.000, 1.000, 0.000, Emulsão 1.15 = 155.8, 0, 0.000, 0.000, 1, 1, 12/05/2026. 15:53:31, 0.000, 0.000, 0.000, 0.000, , , , , , , , 0.000
283, , , thiago.ferreira@enaex.com, thiago.ferreira@enaex.com, 748785.300, 748785.300, 8930594.900, 8930594.900, 11.960, 11.960, 2.300, 2.300, 140, 140, 0.600, 0.600, 0.000, 0.000, 0.000, 0.000, 171.010, 171.010, 171.010, 171.010, 0.000, 0.000, 1.000, 0.000, Emulsão 1.15 = 171.0, 0, 0.000, 0.000, 1, 1, 12/05/2026. 15:53:28, 0.000, 0.000, 0.000, 0.000, , , , , , , , 0.000
284, , , thiago.ferreira@enaex.com, thiago.ferreira@enaex.com, 748784.050, 748784.050, 8930598.030, 8930598.030, 11.580, 11.580, 2.300, 2.300, 140, 140, 0.600, 0.600, 0.000, 0.000, 0.000, 0.000, 164.283, 164.283, 164.283, 164.283, 0.000, 0.000, 1.000, 0.000, Emulsão 1.15 = 164.3, 0, 0.000, 0.000, 1, 1, 12/05/2026. 15:53:24, 0.000, 0.000, 0.000, 0.000, , , , , , , , 0.000
285, , , thiago.ferreira@enaex.com, thiago.ferreira@enaex.com, 748782.810, 748782.810, 8930601.170, 8930601.170, 11.130, 11.130, 2.300, 2.300, 140, 140, 0.600, 0.600, 0.000, 0.000, 0.000, 0.000, 156.316, 156.316, 156.316, 156.316, 0.000, 0.000, 1.000, 0.000, Emulsão 1.15 = 156.3, 0, 0.000, 0.000, 1, 1, 12/05/2026. 15:51:52, 0.000, 0.000, 0.000, 0.000, , , , , , , , 0.000
286, , , thiago.ferreira@enaex.com, thiago.ferreira@enaex.com, 748781.570, 748781.570, 8930604.300, 8930604.300, 10.980, 10.980, 2.300, 2.300, 140, 140, 0.600, 0.600, 0.000, 0.000, 0.000, 0.000, 153.661, 153.661, 153.661, 153.661, 0.000, 0.000, 1.000, 0.000, Emulsão 1.15 = 153.7, 0, 0.000, 0.000, 1, 1, 12/05/2026. 15:51:56, 0.000, 0.000, 0.000, 0.000, , , , , , , , 0.000
287, , , thiago.ferreira@enaex.com, thiago.ferreira@enaex.com, 748780.320, 748780.320, 8930607.430, 8930607.430, 11.080, 11.000, 2.300, 4.500, 140, 140, 0.600, 0.600, 0.000, 0.000, 0.000, 0.000, 155.431, 127.000, 155.431, 127.000, 0.000, 0.000, 1.000, 0.000, Emulsão 1.15 = 127.0, 0, 0.000, 0.000, 0, 1, 13/05/2026. 09:50:06, 0.000, 0.000, 0.000, 0.000, , , , , , , , 0.000
288, , , thiago.ferreira@enaex.com, thiago.ferreira@enaex.com, 748784.910, 748784.910, 8930603.810, 8930603.810, 11.260, 10.500, 2.300, 4.500, 140, 140, 0.600, 0.600, 0.000, 0.000, 0.000, 0.000, 158.618, 128.000, 158.618, 128.000, 0.000, 0.000, 1.000, 0.000, Emulsão 1.15 = 128.0, 0, 0.000, 0.000, 0, 1, 14/05/2026. 13:34:59, 0.000, 0.000, 0.000, 0.000, , , , , , , , 0.000
289, , , thiago.ferreira@enaex.com, thiago.ferreira@enaex.com, 748786.160, 748786.160, 8930600.680, 8930600.680, 11.340, 11.340, 2.300, 2.300, 140, 140, 0.600, 0.600, 0.000, 0.000, 0.000, 0.000, 160.034, 160.034, 160.034, 160.034, 0.000, 0.000, 1.000, 0.000, Emulsão 1.15 = 160.0, 0, 0.000, 0.000, 1, 1, 12/05/2026. 15:51:50, 0.000, 0.000, 0.000, 0.000, , , , , , , , 0.000
290, , , thiago.ferreira@enaex.com, thiago.ferreira@enaex.com, 748787.400, 748787.400, 8930597.550, 8930597.550, 11.750, 11.750, 2.300, 2.300, 140, 140, 0.600, 0.600, 0.000, 0.000, 0.000, 0.000, 167.292, 167.292, 167.292, 167.292, 0.000, 0.000, 1.000, 0.000, Emulsão 1.15 = 167.3, 0, 0.000, 0.000, 1, 1, 12/05/2026. 15:53:22, 0.000, 0.000, 0.000, 0.000, , , , , , , , 0.000
291, , , thiago.ferreira@enaex.com, thiago.ferreira@enaex.com, 748788.640, 748788.640, 8930594.420, 8930594.420, 11.390, 11.390, 2.300, 2.300, 140, 140, 0.600, 0.600, 0.000, 0.000, 0.000, 0.000, 160.919, 160.919, 160.919, 160.919, 0.000, 0.000, 1.000, 0.000, Emulsão 1.15 = 160.9, 0, 0.000, 0.000, 1, 1, 12/05/2026. 15:53:48, 0.000, 0.000, 0.000, 0.000, , , , , , , , 0.000
292, , , thiago.ferreira@enaex.com, thiago.ferreira@enaex.com, 748789.880, 748789.880, 8930591.280, 8930591.280, 11.320, 11.320, 2.300, 2.300, 140, 140, 0.600, 0.600, 0.000, 0.000, 0.000, 0.000, 159.680, 159.680, 159.680, 159.680, 0.000, 0.000, 1.000, 0.000, Emulsão 1.15 = 159.7, 0, 0.000, 0.000, 1, 1, 12/05/2026. 15:53:53, 0.000, 0.000, 0.000, 0.000, , , , , , , , 0.000
330, , , thiago.ferreira@enaex.com, thiago.ferreira@enaex.com, 748794.470, 748794.470, 8930587.670, 8930587.670, 11.280, 11.280, 2.300, 2.300, 140, 140, 0.600, 0.600, 0.000, 0.000, 0.000, 0.000, 158.972, 158.972, 158.972, 158.972, 0.000, 0.000, 1.000, 0.000, Emulsão 1.15 = 159.0, 0, 0.000, 0.000, 1, 1, 12/05/2026. 15:54:48, 0.000, 0.000, 0.000, 0.000, , , , , , , , 0.000
331, , , thiago.ferreira@enaex.com, thiago.ferreira@enaex.com, 748793.230, 748793.230, 8930590.800, 8930590.800, 11.260, 11.260, 2.300, 2.300, 140, 140, 0.600, 0.600, 0.000, 0.000, 0.000, 0.000, 158.618, 158.618, 158.618, 158.618, 0.000, 0.000, 1.000, 0.000, Emulsão 1.15 = 158.6, 0, 0.000, 0.000, 1, 1, 12/05/2026. 15:55:31, 0.000, 0.000, 0.000, 0.000, , , , , , , , 0.000
332, , , thiago.ferreira@enaex.com, thiago.ferreira@enaex.com, 748791.990, 748791.990, 8930593.930, 8930593.930, 11.300, 11.300, 2.300, 2.300, 140, 140, 0.600, 0.600, 0.000, 0.000, 0.000, 0.000, 159.326, 159.326, 159.326, 159.326, 0.000, 0.000, 1.000, 0.000, Emulsão 1.15 = 159.3, 0, 0.000, 0.000, 1, 1, 12/05/2026. 16:16:21, 0.000, 0.000, 0.000, 0.000, , , , , , , , 0.000
333, , , thiago.ferreira@enaex.com, thiago.ferreira@enaex.com, 748790.740, 748790.740, 8930597.060, 8930597.060, 11.610, 10.500, 2.300, 3.600, 140, 140, 0.600, 0.600, 0.000, 0.000, 0.000, 0.000, 164.814, 126.000, 164.814, 126.000, 0.000, 0.000, 1.000, 0.000, Emulsão 1.15 = 126.0, 0, 0.000, 0.000, 0, 1, 13/05/2026. 09:51:15, 0.000, 0.000, 0.000, 0.000, , , , , , , , 0.000
334, , , thiago.ferreira@enaex.com, thiago.ferreira@enaex.com, 748789.500, 748789.500, 8930600.190, 8930600.190, 11.110, 11.000, 2.300, 3.500, 140, 140, 0.600, 0.600, 0.000, 0.000, 0.000, 0.000, 155.962, 113.000, 155.962, 113.000, 0.000, 0.000, 1.000, 0.000, Emulsão 1.15 = 113.0, 0, 0.000, 0.000, 0, 1, 14/05/2026. 13:35:14, 0.000, 0.000, 0.000, 0.000, , , , , , , , 0.000
335, , , thiago.ferreira@enaex.com, thiago.ferreira@enaex.com, 748794.090, 748794.090, 8930596.580, 8930596.580, 11.880, 10.000, 2.300, 3.500, 140, 140, 0.600, 0.600, 0.000, 0.000, 0.000, 0.000, 169.594, 118.000, 169.594, 118.000, 0.000, 0.000, 1.000, 0.000, Emulsão 1.15 = 118.0, 0, 0.000, 0.000, 0, 1, 13/05/2026. 09:51:47, 0.000, 0.000, 0.000, 0.000, , , , , , , , 0.000
336, , , thiago.ferreira@enaex.com, thiago.ferreira@enaex.com, 748795.330, 748795.330, 8930593.440, 8930593.440, 11.640, 10.500, 2.300, 3.600, 140, 140, 0.600, 0.600, 0.000, 0.000, 0.000, 0.000, 165.345, 112.000, 165.345, 112.000, 0.000, 0.000, 1.000, 0.000, Emulsão 1.15 = 112.0, 0, 0.000, 0.000, 0, 1, 14/05/2026. 13:35:23, 0.000, 0.000, 0.000, 0.000, , , , , , , , 0.000
337, , , thiago.ferreira@enaex.com, thiago.ferreira@enaex.com, 748796.570, 748796.570, 8930590.310, 8930590.310, 11.830, 9.500, 2.300, 4.500, 140, 140, 0.600, 0.600, 0.000, 0.000, 0.000, 0.000, 168.708, 86.000, 168.708, 86.000, 0.000, 0.000, 1.000, 0.000, Emulsão 1.15 = 86.0, 0, 0.000, 0.000, 0, 1, 13/05/2026. 09:52:43, 0.000, 0.000, 0.000, 0.000, , , , , , , , 0.000
338, , , thiago.ferreira@enaex.com, thiago.ferreira@enaex.com, 748797.820, 748797.820, 8930587.180, 8930587.180, 11.650, 11.650, 2.300, 2.300, 140, 140, 0.600, 0.600, 0.000, 0.000, 0.000, 0.000, 165.522, 165.522, 165.522, 165.522, 0.000, 0.000, 1.000, 0.000, Emulsão 1.15 = 165.5, 0, 0.000, 0.000, 1, 1, 12/05/2026. 15:54:42, 0.000, 0.000, 0.000, 0.000, , , , , , , , 0.000
339, , , thiago.ferreira@enaex.com, thiago.ferreira@enaex.com, 748799.060, 748799.060, 8930584.050, 8930584.050, 11.530, 11.530, 2.300, 2.300, 140, 140, 0.600, 0.600, 0.000, 0.000, 0.000, 0.000, 163.398, 163.398, 163.398, 163.398, 0.000, 0.000, 1.000, 0.000, Emulsão 1.15 = 163.4, 0, 0.000, 0.000, 1, 1, 12/05/2026. 15:56:03, 0.000, 0.000, 0.000, 0.000, , , , , , , , 0.000
363, , , thiago.ferreira@enaex.com, thiago.ferreira@enaex.com, 748801.150, 748801.150, 8930583.060, 8930583.060, 11.180, 11.180, 2.300, 2.300, 140, 140, 0.600, 0.600, 0.000, 0.000, 0.000, 0.000, 157.202, 157.202, 157.202, 157.202, 0.000, 0.000, 1.000, 0.000, Emulsão 1.15 = 157.2, 0, 0.000, 0.000, 1, 1, 12/05/2026. 15:56:01, 0.000, 0.000, 0.000, 0.000, , , , , , , , 0.000
364, , , thiago.ferreira@enaex.com, thiago.ferreira@enaex.com, 748798.660, 748798.660, 8930589.320, 8930589.320, 11.960, 11.000, 2.300, 4.200, 140, 140, 0.600, 0.600, 0.000, 0.000, 0.000, 0.000, 171.010, 86.000, 171.010, 86.000, 0.000, 0.000, 1.000, 0.000, Emulsão 1.15 = 86.0, 0, 0.000, 0.000, 0, 1, 13/05/2026. 09:53:06, 0.000, 0.000, 0.000, 0.000, , , , , , , , 0.000
365, , , thiago.ferreira@enaex.com, thiago.ferreira@enaex.com, 748799.290, 748799.290, 8930592.170, 8930592.170, 12.230, 10.600, 2.300, 3.500, 140, 140, 0.600, 0.600, 0.000, 0.000, 0.000, 0.000, 175.790, 116.000, 175.790, 116.000, 0.000, 0.000, 1.000, 0.000, Emulsão 1.15 = 116.0, 0, 0.000, 0.000, 0, 1, 13/05/2026. 09:52:28, 0.000, 0.000, 0.000, 0.000, , , , , , , , 0.000
366, , , thiago.ferreira@enaex.com, thiago.ferreira@enaex.com, 748801.370, 748801.370, 8930586.780, 8930586.780, 11.580, 11.300, 2.300, 4.000, 140, 140, 0.600, 0.600, 0.000, 0.000, 0.000, 0.000, 164.283, 98.000, 164.283, 98.000, 0.000, 0.000, 1.000, 0.000, Emulsão 1.15 = 98.0, 0, 0.000, 0.000, 0, 1, 13/05/2026. 09:53:31, 0.000, 0.000, 0.000, 0.000, , , , , , , , 0.000
367, , , thiago.ferreira@enaex.com, thiago.ferreira@enaex.com, 748803.850, 748803.850, 8930580.510, 8930580.510, 11.340, 11.340, 2.300, 2.300, 140, 140, 0.600, 0.600, 0.000, 0.000, 0.000, 0.000, 160.034, 160.034, 160.034, 160.034, 0.000, 0.000, 1.000, 0.000, Emulsão 1.15 = 160.0, 0, 0.000, 0.000, 1, 1, 12/05/2026. 16:25:18, 0.000, 0.000, 0.000, 0.000, , , , , , , , 0.000
382, , , thiago.ferreira@enaex.com, thiago.ferreira@enaex.com, 748807.160, 748807.160, 8930578.200, 8930578.200, 11.500, 11.500, 2.300, 2.300, 140, 140, 0.600, 0.600, 0.000, 0.000, 0.000, 0.000, 162.866, 162.866, 162.866, 162.866, 0.000, 0.000, 1.000, 0.000, Emulsão 1.15 = 162.9, 0, 0.000, 0.000, 1, 1, 12/05/2026. 15:57:08, 0.000, 0.000, 0.000, 0.000, , , , , , , , 0.000
383, , , thiago.ferreira@enaex.com, thiago.ferreira@enaex.com, 748804.680, 748804.680, 8930584.460, 8930584.460, 11.570, 10.000, 2.300, 3.500, 140, 140, 0.600, 0.600, 0.000, 0.000, 0.000, 0.000, 164.106, 85.000, 164.106, 85.000, 0.000, 0.000, 1.000, 0.000, Emulsão 1.15 = 85.0, 0, 0.000, 0.000, 0, 1, 13/05/2026. 09:54:42, 0.000, 0.000, 0.000, 0.000, , , , , , , , 0.000
384, , , thiago.ferreira@enaex.com, thiago.ferreira@enaex.com, 748802.600, 748802.600, 8930589.300, 8930589.300, 11.600, 10.000, 2.300, 3.500, 140, 140, 0.600, 0.600, 0.000, 0.000, 0.000, 0.000, 164.637, 99.000, 164.637, 99.000, 0.000, 0.000, 1.000, 0.000, Emulsão 1.15 = 99.0, 0, 0.000, 0.000, 0, 1, 13/05/2026. 09:54:19, 0.000, 0.000, 0.000, 0.000, , , , , , , , 0.000
385, , , thiago.ferreira@enaex.com, thiago.ferreira@enaex.com, 748805.630, 748805.630, 8930586.660, 8930586.660, 11.660, 11.660, 2.300, 2.300, 140, 140, 0.600, 0.600, 0.000, 0.000, 0.000, 0.000, 165.699, 165.699, 165.699, 165.699, 0.000, 0.000, 1.000, 0.000, Emulsão 1.15 = 165.7, 0, 0.000, 0.000, 1, 1, 12/05/2026. 16:25:08, 0.000, 0.000, 0.000, 0.000, , , , , , , , 0.000
386, , , thiago.ferreira@enaex.com, thiago.ferreira@enaex.com, 748807.990, 748807.990, 8930582.150, 8930582.150, 11.700, 10.500, 2.300, 4.500, 140, 140, 0.600, 0.600, 0.000, 0.000, 0.000, 0.000, 166.407, 72.000, 166.407, 72.000, 0.000, 0.000, 1.000, 0.000, Emulsão 1.15 = 72.0, 0, 0.000, 0.000, 0, 1, 13/05/2026. 09:55:08, 0.000, 0.000, 0.000, 0.000, , , , , , , , 0.000
387, , , thiago.ferreira@enaex.com, thiago.ferreira@enaex.com, 748810.480, 748810.480, 8930575.890, 8930575.890, 11.660, 11.660, 2.300, 2.300, 140, 140, 0.600, 0.600, 0.000, 0.000, 0.000, 0.000, 165.699, 165.699, 165.699, 165.699, 0.000, 0.000, 1.000, 0.000, Emulsão 1.15 = 165.7, 0, 0.000, 0.000, 1, 1, 12/05/2026. 15:57:23, 0.000, 0.000, 0.000, 0.000, , , , , , , , 0.000
400, , , thiago.ferreira@enaex.com, thiago.ferreira@enaex.com, 748813.790, 748813.790, 8930573.580, 8930573.580, 11.700, 10.500, 2.300, 4.500, 140, 140, 0.600, 0.600, 0.000, 0.000, 0.000, 0.000, 166.407, 115.000, 166.407, 115.000, 0.000, 0.000, 1.000, 0.000, Emulsão 1.15 = 115.0, 0, 0.000, 0.000, 0, 1, 13/05/2026. 09:57:27, 0.000, 0.000, 0.000, 0.000, , , , , , , , 0.000
401, , , thiago.ferreira@enaex.com, thiago.ferreira@enaex.com, 748811.300, 748811.300, 8930579.840, 8930579.840, 11.760, 10.500, 2.300, 3.500, 140, 140, 0.600, 0.600, 0.000, 0.000, 0.000, 0.000, 167.469, 99.000, 167.469, 99.000, 0.000, 0.000, 1.000, 0.000, Emulsão 1.15 = 99.0, 0, 0.000, 0.000, 0, 1, 13/05/2026. 09:56:31, 0.000, 0.000, 0.000, 0.000, , , , , , , , 0.000
402, , , thiago.ferreira@enaex.com, thiago.ferreira@enaex.com, 748814.610, 748814.610, 8930577.530, 8930577.530, 11.920, 11.500, 2.300, 3.500, 140, 140, 0.600, 0.600, 0.000, 0.000, 0.000, 0.000, 170.302, 120.000, 170.302, 120.000, 0.000, 0.000, 1.000, 0.000, Emulsão 1.15 = 120.0, 0, 0.000, 0.000, 0, 1, 14/05/2026. 13:35:40, 0.000, 0.000, 0.000, 0.000, , , , , , , , 0.000
403, , , thiago.ferreira@enaex.com, thiago.ferreira@enaex.com, 748817.100, 748817.100, 8930571.260, 8930571.260, 11.850, 11.000, 2.300, 5.000, 140, 140, 0.600, 0.600, 0.000, 0.000, 0.000, 0.000, 169.062, 95.000, 169.062, 95.000, 0.000, 0.000, 1.000, 0.000, Emulsão 1.15 = 95.0, 0, 0.000, 0.000, 0, 1, 13/05/2026. 09:58:04, 0.000, 0.000, 0.000, 0.000, , , , , , , , 0.000
404, , , thiago.ferreira@enaex.com, thiago.ferreira@enaex.com, 748819.580, 748819.580, 8930565.000, 8930565.000, 12.020, 12.020, 2.300, 2.300, 140, 140, 0.600, 0.600, 0.000, 0.000, 0.000, 0.000, 172.072, 172.072, 172.072, 172.072, 0.000, 0.000, 1.000, 0.000, Emulsão 1.15 = 172.1, 0, 0.000, 0.000, 1, 1, 12/05/2026. 16:04:38, 0.000, 0.000, 0.000, 0.000, , , , , , , , 0.000
405, , , thiago.ferreira@enaex.com, thiago.ferreira@enaex.com, 748822.070, 748822.070, 8930558.730, 8930558.730, 12.250, 12.250, 2.300, 2.300, 140, 140, 0.600, 0.600, 0.000, 0.000, 0.000, 0.000, 176.144, 176.144, 176.144, 176.144, 0.000, 0.000, 1.000, 0.000, Emulsão 1.15 = 176.1, 0, 0.000, 0.000, 1, 1, 12/05/2026. 16:05:23, 0.000, 0.000, 0.000, 0.000, , , , , , , , 0.000
410, , , thiago.ferreira@enaex.com, thiago.ferreira@enaex.com, 748830.350, 748830.350, 8930543.890, 8930543.890, 11.080, 11.000, 2.300, 3.500, 140, 140, 0.600, 0.600, 0.000, 0.000, 0.000, 0.000, 155.431, 133.600, 155.431, 133.600, 0.000, 0.000, 1.000, 0.000, Emulsão 1.15 = 133.6, 0, 0.000, 0.000, 0, 1, 14/05/2026. 13:35:51, 0.000, 0.000, 0.000, 0.000, , , , , , , , 0.000
411, , , thiago.ferreira@enaex.com, thiago.ferreira@enaex.com, 748827.870, 748827.870, 8930550.160, 8930550.160, 11.080, 12.000, 2.300, 3.000, 140, 140, 0.600, 0.600, 0.000, 0.000, 0.000, 0.000, 155.431, 127.200, 155.431, 127.200, 0.000, 0.000, 1.000, 0.000, Emulsão 1.15 = 127.2, 1, 0.000, 6.000, 0, 1, 14/05/2026. 13:36:07, 0.000, 0.000, 0.000, 0.000, , , , , , , , 0.000
412, , , thiago.ferreira@enaex.com, thiago.ferreira@enaex.com, 748825.380, 748825.380, 8930556.420, 8930556.420, 12.030, 11.500, 2.300, 3.200, 140, 140, 0.600, 0.600, 0.000, 0.000, 0.000, 0.000, 172.249, 117.800, 172.249, 117.800, 0.000, 0.000, 1.000, 0.000, Emulsão 1.15 = 117.8, 0, 0.000, 0.000, 0, 1, 13/05/2026. 10:01:08, 0.000, 0.000, 0.000, 0.000, , , , , , , , 0.000
413, , , thiago.ferreira@enaex.com, thiago.ferreira@enaex.com, 748822.890, 748822.890, 8930562.690, 8930562.690, 12.040, 6.000, 2.300, 4.000, 140, 140, 0.600, 0.600, 0.000, 0.000, 0.000, 0.000, 172.426, 40.700, 172.426, 40.700, 0.000, 0.000, 1.000, 0.000, Emulsão 1.15 = 40.7, 0, 0.000, 0.000, 0, 1, 13/05/2026. 10:00:04, 0.000, 0.000, 0.000, 0.000, , , , , , , , 0.000
414, , , thiago.ferreira@enaex.com, thiago.ferreira@enaex.com, 748820.410, 748820.410, 8930568.950, 8930568.950, 11.960, 11.000, 2.300, 3.200, 140, 140, 0.600, 0.600, 0.000, 0.000, 0.000, 0.000, 171.010, 123.000, 171.010, 123.000, 0.000, 0.000, 1.000, 0.000, Emulsão 1.15 = 123.0, 0, 0.000, 0.000, 0, 1, 14/05/2026. 13:36:17, 0.000, 0.000, 0.000, 0.000, , , , , , , , 0.000
415, , , thiago.ferreira@enaex.com, thiago.ferreira@enaex.com, 748817.920, 748817.920, 8930575.220, 8930575.220, 11.730, 6.000, 2.300, 3.500, 140, 140, 0.600, 0.600, 0.000, 0.000, 0.000, 0.000, 166.938, 37.000, 166.938, 37.000, 0.000, 0.000, 1.000, 0.000, Emulsão 1.15 = 37.0, 0, 0.000, 0.000, 0, 1, 13/05/2026. 09:57:44, 0.000, 0.000, 0.000, 0.000, , , , , , , , 0.000
416, , , thiago.ferreira@enaex.com, thiago.ferreira@enaex.com, 748821.230, 748821.230, 8930572.910, 8930572.910, 11.610, 10.000, 2.300, 3.500, 140, 140, 0.600, 0.600, 0.000, 0.000, 0.000, 0.000, 164.814, 74.000, 164.814, 74.000, 0.000, 0.000, 1.000, 0.000, Emulsão 1.15 = 74.0, 0, 0.000, 0.000, 0, 1, 13/05/2026. 09:58:18, 0.000, 0.000, 0.000, 0.000, , , , , , , , 0.000
417, , , thiago.ferreira@enaex.com, thiago.ferreira@enaex.com, 748823.570, 748823.570, 8930570.000, 8930570.000, 11.740, 10.500, 2.300, 3.400, 140, 140, 0.600, 0.600, 0.000, 0.000, 0.000, 0.000, 167.115, 126.000, 167.115, 126.000, 0.000, 0.000, 1.000, 0.000, Emulsão 1.15 = 126.0, 0, 0.000, 0.000, 0, 1, 14/05/2026. 13:36:54, 0.000, 0.000, 0.000, 0.000, , , , , , , , 0.000
418, , , thiago.ferreira@enaex.com, thiago.ferreira@enaex.com, 748823.720, 748823.720, 8930566.640, 8930566.640, 11.900, 11.000, 2.300, 3.500, 140, 140, 0.600, 0.600, 0.000, 0.000, 0.000, 0.000, 169.948, 135.900, 169.948, 135.900, 0.000, 0.000, 1.000, 0.000, Emulsão 1.15 = 135.9, 0, 0.000, 0.000, 0, 1, 14/05/2026. 13:36:25, 0.000, 0.000, 0.000, 0.000, , , , , , , , 0.000
419, , , thiago.ferreira@enaex.com, thiago.ferreira@enaex.com, 748826.210, 748826.210, 8930560.380, 8930560.380, 12.030, 11.000, 2.300, 3.300, 140, 140, 0.600, 0.600, 0.000, 0.000, 0.000, 0.000, 172.249, 106.700, 172.249, 106.700, 0.000, 0.000, 1.000, 0.000, Emulsão 1.15 = 106.7, 1, 0.000, 6.000, 0, 1, 14/05/2026. 13:37:03, 0.000, 0.000, 0.000, 0.000, , , , , , , , 0.000
420, , , thiago.ferreira@enaex.com, thiago.ferreira@enaex.com, 748828.690, 748828.690, 8930554.110, 8930554.110, 11.080, 10.500, 2.300, 3.000, 140, 140, 0.600, 0.600, 0.000, 0.000, 0.000, 0.000, 155.431, 158.200, 155.431, 158.200, 0.000, 0.000, 1.000, 0.000, Emulsão 1.15 = 158.2, 0, 0.000, 0.000, 0, 1, 13/05/2026. 10:02:27, 0.000, 0.000, 0.000, 0.000, , , , , , , , 0.000
421, , , thiago.ferreira@enaex.com, thiago.ferreira@enaex.com, 748831.180, 748831.180, 8930547.850, 8930547.850, 11.080, 10.500, 2.300, 2.300, 140, 140, 0.600, 0.600, 0.000, 0.000, 0.000, 0.000, 155.431, 92.500, 155.431, 92.500, 0.000, 0.000, 1.000, 0.000, Emulsão 1.15 = 92.5, 0, 0.000, 0.000, 0, 1, 14/05/2026. 10:40:43, 0.000, 0.000, 0.000, 0.000, , , , , , , , 0.000
422, , , thiago.ferreira@enaex.com, thiago.ferreira@enaex.com, 748833.660, 748833.660, 8930541.580, 8930541.580, 11.080, 10.500, 2.300, 3.000, 140, 140, 0.600, 0.600, 0.000, 0.000, 0.000, 0.000, 155.431, 92.600, 155.431, 92.600, 0.000, 0.000, 1.000, 0.000, Emulsão 1.15 = 92.6, 0, 0.000, 0.000, 1, 1, 14/05/2026. 10:40:00, 0.000, 0.000, 0.000, 0.000, , , , , , , , 0.000
423, , , thiago.ferreira@enaex.com, thiago.ferreira@enaex.com, 748836.970, 748836.970, 8930539.270, 8930539.270, 11.080, 9.000, 2.300, 2.400, 140, 140, 0.600, 0.600, 0.000, 0.000, 0.000, 0.000, 155.431, 110.000, 155.431, 110.000, 0.000, 0.000, 1.000, 0.000, Emulsão 1.15 = 110.0, 1, 0.000, 3.000, 0, 1, 13/05/2026. 10:07:32, 0.000, 0.000, 0.000, 0.000, , , , , , , , 0.000
424, , , thiago.ferreira@enaex.com, thiago.ferreira@enaex.com, 748834.490, 748834.490, 8930545.530, 8930545.530, 11.080, 10.500, 2.300, 3.500, 140, 140, 0.600, 0.600, 0.000, 0.000, 0.000, 0.000, 155.431, 141.700, 155.431, 141.700, 0.000, 0.000, 1.000, 0.000, Emulsão 1.15 = 141.7, 0, 0.000, 0.000, 0, 1, 13/05/2026. 10:05:16, 0.000, 0.000, 0.000, 0.000, , , , , , , , 0.000
425, , , thiago.ferreira@enaex.com, thiago.ferreira@enaex.com, 748832.000, 748832.000, 8930551.800, 8930551.800, 11.080, 11.000, 2.300, 3.400, 140, 140, 0.600, 0.600, 0.000, 0.000, 0.000, 0.000, 155.431, 160.000, 155.431, 160.000, 0.000, 0.000, 1.000, 0.000, Emulsão 1.15 = 160.0, 1, 0.000, 6.000, 0, 1, 13/05/2026. 10:02:58, 0.000, 0.000, 0.000, 0.000, , , , , , , , 0.000
426, , , thiago.ferreira@enaex.com, thiago.ferreira@enaex.com, 748829.520, 748829.520, 8930558.060, 8930558.060, 12.070, 11.700, 2.300, 3.600, 140, 140, 0.600, 0.600, 0.000, 0.000, 0.000, 0.000, 172.957, 160.700, 172.957, 160.700, 0.000, 0.000, 1.000, 0.000, Emulsão 1.15 = 160.7, 0, 0.000, 0.000, 0, 1, 13/05/2026. 10:01:36, 0.000, 0.000, 0.000, 0.000, , , , , , , , 0.000
427, , , thiago.ferreira@enaex.com, thiago.ferreira@enaex.com, 748827.030, 748827.030, 8930564.330, 8930564.330, 11.820, 9.000, 2.300, 3.500, 140, 140, 0.600, 0.600, 0.000, 0.000, 0.000, 0.000, 168.531, 85.000, 168.531, 85.000, 0.000, 0.000, 1.000, 0.000, Emulsão 1.15 = 85.0, 0, 0.000, 0.000, 0, 1, 13/05/2026. 10:00:18, 0.000, 0.000, 0.000, 0.000, , , , , , , , 0.000
428, , , thiago.ferreira@enaex.com, thiago.ferreira@enaex.com, 748829.070, 748829.070, 8930561.440, 8930561.440, 11.940, 10.000, 2.300, 3.500, 140, 140, 0.600, 0.600, 0.000, 0.000, 0.000, 0.000, 170.656, 112.900, 170.656, 112.900, 0.000, 0.000, 1.000, 0.000, Emulsão 1.15 = 112.9, 0, 0.000, 0.000, 0, 1, 13/05/2026. 10:00:48, 0.000, 0.000, 0.000, 0.000, , , , , , , , 0.000
429, , , thiago.ferreira@enaex.com, thiago.ferreira@enaex.com, 748832.760, 748832.760, 8930555.710, 8930555.710, 11.950, 10.500, 2.300, 3.500, 140, 140, 0.600, 0.600, 0.000, 0.000, 0.000, 0.000, 170.833, 119.700, 170.833, 119.700, 0.000, 0.000, 1.000, 0.000, Emulsão 1.15 = 119.7, 0, 0.000, 0.000, 0, 1, 13/05/2026. 10:02:41, 0.000, 0.000, 0.000, 0.000, , , , , , , , 0.000
430, , , thiago.ferreira@enaex.com, thiago.ferreira@enaex.com, 748834.710, 748834.710, 8930552.680, 8930552.680, 11.080, 9.800, 2.300, 3.400, 140, 140, 0.600, 0.600, 0.000, 0.000, 0.000, 0.000, 155.431, 110.900, 155.431, 110.900, 0.000, 0.000, 1.000, 0.000, Emulsão 1.15 = 110.9, 0, 0.000, 0.000, 0, 1, 13/05/2026. 10:03:49, 0.000, 0.000, 0.000, 0.000, , , , , , , , 0.000
431, , , thiago.ferreira@enaex.com, thiago.ferreira@enaex.com, 748835.310, 748835.310, 8930549.490, 8930549.490, 11.080, 11.080, 2.300, 2.300, 140, 140, 0.600, 0.600, 0.000, 0.000, 0.000, 0.000, 155.431, 155.431, 155.431, 155.431, 0.000, 0.000, 1.000, 0.000, Emulsão 1.15 = 155.4, 0, 0.000, 0.000, 1, 1, 12/05/2026. 17:07:05, 0.000, 0.000, 0.000, 0.000, , , , , , , , 0.000
432, , , thiago.ferreira@enaex.com, thiago.ferreira@enaex.com, 748837.800, 748837.800, 8930543.220, 8930543.220, 11.080, 9.000, 2.300, 2.400, 140, 140, 0.600, 0.600, 0.000, 0.000, 0.000, 0.000, 155.431, 110.600, 155.431, 110.600, 0.000, 0.000, 1.000, 0.000, Emulsão 1.15 = 110.6, 1, 0.000, 6.000, 0, 1, 13/05/2026. 10:06:24, 0.000, 0.000, 0.000, 0.000, , , , , , , , 0.000
433, , , thiago.ferreira@enaex.com, thiago.ferreira@enaex.com, 748841.110, 748841.110, 8930540.910, 8930540.910, 11.080, 11.080, 2.300, 2.300, 140, 140, 0.600, 0.600, 0.000, 0.000, 0.000, 0.000, 155.431, 155.431, 155.431, 155.431, 0.000, 0.000, 1.000, 0.000, Emulsão 1.15 = 155.4, 0, 0.000, 0.000, 1, 1, 12/05/2026. 16:16:32, 0.000, 0.000, 0.000, 0.000, , , , , , , , 0.000
434, , , thiago.ferreira@enaex.com, thiago.ferreira@enaex.com, 748841.050, 748841.050, 8930544.100, 8930544.100, 11.080, 9.000, 2.300, 3.400, 140, 140, 0.600, 0.600, 0.000, 0.000, 0.000, 0.000, 155.431, 54.500, 155.431, 54.500, 0.000, 0.000, 1.000, 0.000, Emulsão 1.15 = 54.5, 1, 0.000, 6.000, 0, 1, 13/05/2026. 10:05:57, 0.000, 0.000, 0.000, 0.000, , , , , , , , 0.000
435, , , thiago.ferreira@enaex.com, thiago.ferreira@enaex.com, 748838.630, 748838.630, 8930547.180, 8930547.180, 11.080, 11.000, 2.300, 3.500, 140, 140, 0.600, 0.600, 0.000, 0.000, 0.000, 0.000, 155.431, 147.400, 155.431, 147.400, 0.000, 0.000, 1.000, 0.000, Emulsão 1.15 = 147.4, 0, 0.000, 0.000, 0, 1, 13/05/2026. 10:05:44, 0.000, 0.000, 0.000, 0.000, , , , , , , , 0.000
1000, , , thiago.ferreira@enaex.com, thiago.ferreira@enaex.com, 0.000, 0.000, 0.000, 0.000, 0.000, 10.000, 0.000, 4.600, 0, 140, 0.000, 0.600, 0.000, 0.000, 0.000, 0.000, 0.000, 102.000, 0.000, 102.000, 0.000, 0.000, 0.000, 0.000,  = 102.0, 0, 0.000, 0.000, 0, 1, 13/05/2026. 09:55:33, 0.000, 0.000, 0.000, 0.000, , , , , , , , 0.000
1001, , , thiago.ferreira@enaex.com, thiago.ferreira@enaex.com, 0.000, 0.000, 0.000, 0.000, 0.000, 10.000, 0.000, 5.200, 0, 140, 0.000, 0.600, 0.000, 0.000, 0.000, 0.000, 0.000, 51.000, 0.000, 51.000, 0.000, 0.000, 0.000, 0.000,  = 51.0, 0, 0.000, 0.000, 0, 1, 13/05/2026. 09:56:46, 0.000, 0.000, 0.000, 0.000, , , , , , , , 0.000
1002, , , thiago.ferreira@enaex.com, thiago.ferreira@enaex.com, 0.000, 0.000, 0.000, 0.000, 0.000, 11.500, 0.000, 3.500, 0, 140, 0.000, 0.600, 0.000, 0.000, 0.000, 0.000, 0.000, 128.000, 0.000, 128.000, 0.000, 0.000, 0.000, 0.000,  = 128.0, 0, 0.000, 0.000, 0, 1, 13/05/2026. 09:59:28, 0.000, 0.000, 0.000, 0.000, , , , , , , , 0.000
